{"cameraMode":{"drawMode":0,"name":"Shaded","section":"Shading Mode"},"sceneLighting":true,"audioPlay":false,"sceneViewState":{"showFog":true,"showMaterialUpdate":false,"showSkybox":true,"showFlares":true,"showImageEffects":true,"showParticleSystems":true},"in2DMode":false,"pivot":{"x":23.963706970214845,"y":1.4398436546325684,"z":-1.3178906440734864},"rotation":{"x":-0.4668610692024231,"y":0.02784794382750988,"z":-0.014710995368659497,"w":-0.883769690990448},"size":13.87210750579834,"orthographic":true}